productName,productQuantity,productPrice,productPromotion,productPromotionDuration
Kleenex Ultra Soft Tissue Soft Pack - Floral (3ply),4 x 50 per pack,$2.04,,
Meiji Printed Biscuits - Autoland,70g,$1.37,,
Campbell's Instant Soup - Wild Mushroom,3 x 16.8g,$2.57,,
"Haagen-Dazs Ice Cream - Caramel, Biscuit & Cream",473ml,$14.77,,
Binggrae Melona Stickbar Ice Cream - Melon,8 x 80ml,$7.80,Save$0.85,Till 1st Jul 2025
Codfo Chopped Pork and Ham,340g,$3.15,Save$0.87,Till 1st Jul 2025
Ajinomoto Monosodium Glutamate (MSG),500g,$4.02,,
Cheetos Cheese Flavoured Snacks - Puffs,220g,$5.85,,
Ah Huat Instant Traditional Black Coffee - Kopi O with Sugar,20 x 20g,$5.55,,
Snickers Chocolate Bar - Single,51g,$2.00,,
Beryl's Bittersweet Chocolate - Almond,450g,$11.11,,
Kikkoman Soy Sauce - Naturally Brewed,250ml,$4.62,,
Magiclean Bathroom Stain & Mold Remover Refill,2 x 400ml,$7.97,,
Pokka Packet Drink - Kiyo Kyoho Grape,24 x 250ml (CTN),$12.40,Save$2.16,Till 1st Jan 2026
Kikkoman Soy Sauce,150ml,$3.72,,
Meiji Low Fat Fresh Milk - Strawberry,200ml,$1.28,,
Beryl's Milk Chocolate - Almond,450g,$11.11,,
Asahi Can Beer - Super Dry,24 x 330ml (CTN),$88.81,,
Meiji Bulgaria Yoghurt - Natural,2 x 110g,$2.85,Save$1.17,Till 1st Jul 2025
Storck Werther's Original Sugar Free Cream Candies - Classic,70g,$2.50,,
Meiji Hello Panda Biscuits - Chocolate,360g,$7.95,,
Codfo Chopped Pork and Ham,198g,$2.50,,
Munchy's Funmix Assorted Biscuits,500g,$4.49,,
Prego Pasta - Spaghetti,500g,$2.30,,
Munchy's Crackers - Sugar,390g (3 per pack),$3.13,,
Samyang Hot Chicken Instant Ramen - Bowl,105g,$3.03,,
Samyang Hot Chicken Instant Ramen - Carbo (Bowl),105g,$3.03,,
Nissin Big Instant Cup Noodles - Japanese Cheese Curry,111g,$2.42,,
General Mills Lucky Charms Cereal - Whole Grain,297g,$14.95,,
Magiclean Wiper Wet Sheet - Lemongrass & Bergamot,16 per pack,$8.70,Save$0.52,Till 1st Jul 2025
Qingdao Lao Te Can Beer,6 x 330ml,$10.90,Save$2.63,Till 1st Jul 2025
Meiji Bulgaria Yoghurt - Golden Honey,2 x 110g,$2.85,Save$1.17,Till 1st Jul 2025
Nissin Instant Japanese Ramen - Uma-Kara Spicy,5 x 106g,$3.99,Save$0.34,Till 1st Jul 2025
3M Scotch-Brite Single Spin Mop Refill,1 per pack,$11.61,,
Kewpie Dressing - Roasted Sesame,210ml,$4.95,,
Lotte Pepero Stick Biscuits - Choco Cookie,32g,$1.52,,
Samyang Hot Chicken Instant Ramen - Carbo,5 x 130g,$7.30,Save$1.68,Ends in 1 day 5 hours
Yakult Cultured Milk Bottle Drink - Grape,5 x 100ml,$3.53,,
Yakult Cultured Milk Bottle Drink - Original,5 x 100ml,$3.53,,
Want Want Rice Cracker - Snow,84g,$2.09,,
NIssin Cup Noodles Potato Chips - Black Pepper Crab,70g,$1.64,,
Prego Buddies Kids Shaped Pasta - Space,200g,$1.79,,
Birds Eye Frozen Breaded Fish Fingers - Omega 3,280g,$8.95,Save$5.21,Till 1st Jul 2025
Pokka Packet Drink - Ice Peach Tea (Less Sugar),6 x 250ml,$3.15,Save$0.45,Till 1st Jul 2025
Meiji Fresh Milk - Chocolate,946ml,$3.63,,
Nissin Instant Bowl Noodle - Kyushu Black,110g,$1.82,Save$0.62,Till 1st Jul 2025
Nongshim Shin Ramyun Instant Noodle - Spicy Mushroom (Halal),5 x 120g,$5.50,,
Glico Pretz Stick Biscuit - Pizza,31g,$0.97,,
Nongshim Shin Ramyun Instant Noodle - Kimchi (Halal),5 x 120g,$5.50,,
Kang Shi Fu Instant Noodles - Roasted Beef,5 x 103g,$3.99,,
Pokka Packet Drink - Ice Blueberry Tea (Less Sugar),6 x 250ml,$3.15,Save$0.45,Till 1st Jul 2025
Pokka Bottle Drink - Green Tea Peppermint,1.5L,$2.10,Save$0.40,Till 1st Jul 2025
Meiji Chocolate - Macadamia,64g,$3.66,,
Starbucks Coffee Capsules - Americano (House Blend),12 per pack,$9.45,,
Pokka Natsbee Bottle Drink - Honey Yuzu,1.5L,$1.95,Save$0.62,Till 1st Jul 2025
Pokka Coffee Can Drink - Premium Cappuccino,6 x 240ml,$6.25,Save$1.31,Till 1st Jul 2025
Nissin Instant Japanese Ramen - Hokkaido Miso,113g,$1.82,Save$0.62,Till 1st Jul 2025
Starbucks Coffee Capsules - Caramel Macchiato,12 per pack,$9.45,,
Pokka Bottle Drink - Japanese Roasted Tea Houjicha,1.5L,$2.10,Save$0.40,Till 1st Jul 2025
Pokka Packet Drink - Natsbee Honey Yuzu,6 x 250ml,$3.68,,
Pokka Coffee Can Drink - Milk Coffee (Less Sugar),6 x 240ml,$6.25,Save$1.31,Till 1st Jul 2025
Old Town 3 in 1 Instant Premix Milk Tea - Teh Tarik,13 x 30g,$7.25,Save$0.80,Till 1st Aug 2025
Haday Superior Oyster Sauce,700g,$1.50,Save$1.70,Till 1st Aug 2025
Old Town 3 in 1 Instant Premix Milk Tea - Hong Kong Style,13 x 35g,$7.25,Save$0.80,Till 1st Aug 2025
3M Scotch-Brite Easy Sweeper Plus Sheets Refill - Wet,20 per pack,$14.83,,
Starbucks Nespresso Coffee Capsules - Sumatra,55g,$8.40,,
3M Scotch-Brite High Performance Cloth - Kitchen,2 per pack,$6.46,,
Milo Chocolate Malt UHT Packet Drink - Less Sugar,4 x 125g,$3.90,,
Starbucks Nespresso Coffee Capsules - Colombia,57g,$8.40,,
3M Scotch Brite Handsfree Compact Mop with Bucket + Free Refill,1 per pack,$60.45,,
3M Scotch-Brite Scour Pads - Delicate Duty (Gold),2 per pack,$2.63,,
Starbucks Nespresso Coffee Capsules - Espresso Roast,57g,$8.40,,
3M Scotch-Brite Scrub Dots Scrub Sponges - Heavy Duty,2 per pack,$4.59,,
3M Scotch-Brite Scrub Dots Scrub Sponge - Non-Scratch,2 per pack,$4.59,,
3M Scotch-Brite Scrub Sponges - Tough Clean,4 per pack,$5.05,,
3M Scotch-Brite Sponge Cloths,2 per pack,$5.14,,
3M Scotch-Brite Scrub Sponges - Delicate Care (Pink),3 per pack,$6.16,,
3M Scotch-Brite Scrub Sponges - Heavy Duty,3 per pack,$6.16,,
Adams 100% Natural Peanut Butter - Unsalted Crunchy,454g,$7.45,,
Ah Huat Teh Blends - Teh C,15 x 32g,$7.02,,
Adams 100% Natural Peanut Butter - Unsalted Creamy,454g,$7.45,,
Ah Huat Kopitiam Instant White Coffee,450g,$6.95,,
Adams 100% Natural Peanut Butter - Creamy,454g,$7.45,,
Adams 100% Natural Peanut Butter - Crunchy,454g,$7.45,,
Ah Huat Instant Traditional Black Coffee - Kopi O Kosong,20 x 10g,$4.85,,
Ah Huat White Coffee - Gao Siew Dai,15 x 31g,$7.67,,
Ajinomoto Monosodium Glutamate (MSG),150g,$2.29,,
Ah Huat White Coffee - Classic,15 x 28g,$6.95,,
Ajinomoto Frozen Shumai - Shrimp,150g (10 per pack),$5.30,,
Ajinomoto Frozen Gyoza Dumplings - Shrimp,216g (12 per pack),$5.30,,
Ah Huat White Coffee - Gold Medal,15 x 38g,$7.70,,
Ah Huat White Coffee - Extra Rich,15 x 40g,$7.70,,
Ah Huat White Coffee - Hazelnut & Raw Sugar,15 x 38g,$7.70,,
Ajinomoto Japanese Dumpling - Chicken & Vegetable,600g (30 per pack),$10.08,,
Ajinomoto Pure Select Mayonnaise,400g,$7.08,,
Arnott's Tim Tam Biscuits - Dark Chocolate,200g,$5.45,,
Arnott's Tim Tam Biscuits - Double Coat,200g (9 per pack),$6.55,,
Arnott's Tim Tam Biscuits - Chewy Caramel,175g (9 per pack),$6.55,,
Arumi Frozen Korean Pancakes - Seafood,300g (3 per pack),$8.50,Save$0.70,Till 1st Aug 2025
Asahi Beer - Super Dry,12 x 330ml,$29.90,Save$8.20,Till 16th Jun 2025
Asahi Can Beer - Super Dry Draft,6 x 500ml,$24.00,Save$7.99,Till 1st Jul 2025
Asahi Can Beer - Super Dry Draft,6 x 350ml,$17.50,Save$4.70,Ends in 1 day 5 hours
Arumi Japchae Korean Style Vegetable Pasta - Soy Sauce,210g,$4.95,Save$1.06,Till 1st Jul 2025
BBQ Box Frozen Orleans Chicken Wing (Mid-joint),500 G,$11.80,,
Asahi Can Beer - Kuronama,6 x 350ml,$17.90,Save$6.32,Till 19th Jun 2025
Bega Super Slices Cheese - Slices,12 per pack,$6.11,,
Ben & Jerry's Ice Cream - Chocolate Fudge Brownie,100ml,$5.62,,
Asahi Can Draft Beer - Super Dry Nama Jokki,6 x 340ml,$18.90,Save$7.74,Ends in 1 day 5 hours
Ben & Jerry's Ice Cream - Choco-lotta Cheesecake Sundae,472ml,$15.18,,
Ben & Jerry's Ice Cream - Dulce De-lish Sundae,472ml,$15.18,,
Ben & Jerry's Ice Cream - Chocolate Therapy,473ml,$15.18,,
Ben & Jerry's Ice Cream - Strawberry Cheesecake,100ml,$5.62,,
Ben & Jerry's Ice Cream - Chocolate Fudge Brownie,473ml,$15.18,,
Ben & Jerry's Ice Cream - Cherry Garcia,473ml,$15.18,,
Ben & Jerry's Ice Cream - Vanilla,473ml,$15.18,,
Ben & Jerry's Ice Cream - Strawberry Cheesecake,458ml,$15.18,,
Berryfield Whole Frozen Blueberries,1kg,$24.95,Save$1.87,Till 1st Jul 2025
Berryfield Whole Frozen Gold Mango,1kg,$24.95,Save$1.87,Till 1st Jul 2025
Bertolli Olive Oil - Classico,250ml,$6.45,Save$0.50,Till 1st Aug 2025
Ben & Jerry's Ice Cream - Chocolate Chip Cookie Dough,458ml,$15.18,,
Bertolli Extra Virgin Olive Oil Spray,132g,$6.25,Save$0.70,Ends in 1 day 5 hours
Ben & Jerry's Ice Cream - New York Super Fudge Chunk,458ml,$15.18,,
Bertolli Olive Oil - Classico,1L,$18.85,Save$2.10,Till 1st Aug 2025
Berryfield Whole Frozen Strawberries,1kg,$24.95,Save$1.87,Till 1st Jul 2025
Bertolli Olive Oil - Extra Light,2L,$38.55,Save$0.40,Till 1st Aug 2025
Birds Eye Cod Fish Fingers,504g,$14.25,Save$8.40,Ends in 1 day 5 hours
Betty Crocker Pancake Mix - Butter Milk,400g,$3.97,,
Betty Crocker Fudge Brownie Mix - Chocolate,430g,$4.99,,
Birds Eye Omega 3 Fish Finger,32 per pack,$20.95,Save$5.75,Till 1st Jul 2025
Bertolli Olive Oil - Extra Virgin,2L,$38.55,Save$0.40,Till 1st Aug 2025
Beryl's Jar Almond Coated With Dark Chocolate,400 G,$11.50,,
Bibigo Seaweed Flakes,50g,$3.56,,
CJ Bibigo Plantable Frozen Mandu - Kimchi,420g,$8.10,,
Bibigo Savoury Roasted Korean Seasoned Seaweed,12 per pack,$5.00,Save$1.25,Till 19th Jun 2025
Betty Crocker Pancake Mix - Original,400g,$3.97,,
CJ Bibigo Korean Sliced Kimchi (Vegan),500g,$8.80,,
Cadbury Dairy Milk Chocolate Block - Plain,180g,$4.50,Save$2.70,Till 19th Jun 2025
Cadbury Dairy Milk Chocolate Block - Black Forest,180g,$4.50,Save$2.70,Till 19th Jun 2025
Cadbury Dairy Milk Chocolate Sharepack - Freddo,144g,$6.45,,
Cadbury 3 In 1 Hot Chocolate Drink,450g,$7.45,,
Cadbury Dairy Milk Chocolate - Fruit and Nut,49g,$2.60,,
Cadbury Dairy Milk Chocolate Doy Bag - Oreo,150g,$3.50,,
Cadbury Dairy Milk Chocolate - Plain,50g,$2.60,,
Cadbury Dairy Milk Breakaway Chocolate,180g,$4.50,Save$2.70,Till 19th Jun 2025
Cadbury Dairy Milk Sharepack - Crunchie,180g,$6.45,,
Cadbury Dairy Milk Chocolate Block - Roast Almond,180g,$4.50,Save$2.70,Till 19th Jun 2025
Cadbury Dairy Milk Chocolate Sharepack - Freddo Milky Top,144g,$6.45,,
Cadbury White Chocolate Bar - Dream,180g,$4.50,Save$2.70,Till 19th Jun 2025
Cadbury Old gold Dark Chocolate - 70% Cocoa,180g,$8.00,,
Calbee Big Bag Potato Chips - Hot & Spicy,180g,$5.20,,
Cadbury Dairy Milk Sharepack Chocolate,144g,$6.45,,
Calbee Crispy Potato Chips - Hot & Spicy,72g,$2.10,Save$0.30,Ends in 5h
Calbee Big Bag Potato Chips - Seaweed,180g,$5.20,,
Calbee Crispy Potato Chips - Hot & Spicy,72g,$2.40,,
Calbee Crispy Potato Chips - Sour Cream,72g,$2.10,Save$0.30,Ends in 5h
Calbee Crispy Potato Chips - Original,72g,$2.40,,
Calbee Harvest Snaps Baked Pea Crisps - Seaweed,93g,$3.95,,
Calbee Harvest Snaps Baked Pea Crips - Wasabi,93g,$3.95,,
Calbee Harvest Snaps Baked Pea Crips - Original Salted,93g,$3.95,,
Calbee Harvest Snaps Baked Pea Crips - Chilli,93g,$3.95,,
Calbee Jagabee Potato Stick - Spicy,85g,$5.20,,
Calbee Potato Chips - Seaweed,72g,$2.40,,
Calbee Jagabee Potato Sticks - BBQ,85g,$5.20,,
Calbee Prawn Crackers - Mala,80g,$3.59,,
Calbee Jagabee Potato Sticks - Honey Butter,85g,$5.20,,
Calbee Potato Chips - Barbecue,72g,$2.10,Save$0.30,Ends in 5h
Calbee Jagabee Potato Sticks - Purple Potato,5 x 17g,$5.20,,
Calbee Prawn Crackers - BBQ,90g,$2.37,,
Calbee Prawn Crackers - Black Pepper,90g,$2.37,,
Calbee Jagabee Potato Sticks - Seaweed,5 x 17g,$5.20,,
Calbee Prawn Crackers - Original,90g,$2.37,,
Calbee Jagabee Potato Sticks - Original,5 x 18g,$5.20,,
Calbee Prawn Crackers - Truffle,80g,$3.59,,
Calbee Prawn Crackers - Grilled Squid Seaweed,90g,$2.37,,
Calbee Prawn Crackers - Spicy,90g,$2.37,,
Calbee SnowPea Crisps - Original,80g,$2.15,,
Calbee Vegetable Fries Chips - Barbeque,45g,$1.60,,
Campbell's Chunky New England Clam Chowder,505g,$5.10,,
Campbell's Condensed Soup - Crab Chowder,290g,$3.74,,
Campbell's Condensed Soup - Cream Style Corn with Mushroom,300g,$2.25,,
Campbell's 100% Natural Real Stock - Beef,500ml,$3.95,,
Campbell's Condensed Soup - Cream of Assorted Mushroom with Beetroot,290g,$3.74,,
Calbee Vegetable Fries Chips - Hot & Spicy,45g,$1.60,,
Campbell's Condensed Soup - Cream of Chicken,300g,$2.25,,
Campbell's Condensed Soup - Cream Style Corn with Chicken,305g,$2.25,,
Campbell's Condensed Soup - Cream of Mushroom,290g,$2.25,,
Campbell's 100% Natural Real Stock - Chicken,500ml,$3.95,,
Campbell's Instant Soup - Cream of Corn,3 x 22g,$2.57,,
Campbell's Premium Selection Soup - Wild Mushroom,300g,$3.35,,
Campbell's Condensed Soup - Country Style Mushroom Chicken,300g,$3.35,,
Campbell's Instant Soup - Cream of Chicken,3 x 22g,$2.57,,
Campbell's 100% Natural Real Stock - Beef,1L,$5.75,,
Campbell's Instant Soup - Cream of Mushroom,3 x 21.1g,$2.15,Save$0.42,Ends in 5h
Campbell's 100% Natural Real Stock - Chicken,1L,$5.75,,
Campbell's Instant Soup - Mushroom Chicken with Croutons,3 x 21g,$2.57,,
Campbell's Instant Soup - Mushroom Cheese with Croutons,3 x 21g,$2.57,,
Campbell's Condensed Soup - Mushroom Potage,300g,$2.63,,
Carman's Gourmet Protein Bars - Dark Chocolate & Cranberry,5 x 40g,$8.90,,
Carman's Gourmet Protein Bars - Greek Style Yoghurt & Berry,200g,$8.90,,
Carman's Nut Bars - Dark Chocolate Espresso,,$7.90,,
Carman's Muesli Bars - Classic (Fruit & Nut),270g,$7.70,,
Carman's Gourmet Protein Bars - Salted Caramel Nut Butter,5 x 40g,$8.90,,
Carman's Nut Bars - Greek Style Yoghurt & Blueberry,5 x 32g,$7.90,,
Cass Beer,6 x 330ml,$12.80,Save$3.70,Till 1st Jul 2025
Carman's Muesli - Original (Fruit Free),500g,$8.70,,
Cha Cha Roasted Sunflower Seeds - Original,145g,$1.64,,
Carman's Protein Bar - Cookies & Cream,200g,$8.90,,
Carman's Muesli Bars - Super Berry,6 x 45g,$7.70,,
Cha Pai Fruit Tea Bottle Drink -  Pomelo Jasmine,500ml,$1.64,,
Cha Cha Roasted Sunflower Seeds - Spiced,145g,$1.64,,
Cha Pai Fruit Tea Bottle Drink -  Green Grape Oolong Tea,500ml,$1.64,,
Cha Pai Fruit Tea Bottle Drink - Peach Oolong,500ml,$1.64,,
Cheetos Cheese Flavoured Snack - Flamin Hot (Crunchy),215g,$5.85,,
Cha Pai Fruit Tea Bottle Drink - Pomelo Green Tea,500ml,$1.64,,
Cheetos Cheese Flavoured Snacks - Original (Crunchy),60g,$1.92,,
Cheetos Cheese Flavoured Snacks - Original (Crunchy),215g,$5.85,,
Cheetos Cheese Flavoured Snacks - Cheddar Jalapeno (Crunchy),215g,$5.85,,
CJ Bibigo Crispy Seaweed Snack - Sesame,3 x 5g,$1.94,,
CJ Beksul Korean Sweet Potato Noodle,500g,$5.60,,
Cj Bibigo Korean Bulgogi Sauce - Mild & Sweet,500g,$5.55,,
CJ Bibigo Crispy Seaweed Snack - Korean BBQ,3 x 5g,$1.94,,
Cj Bibigo Plant-Based Mushroom Dumplings,420g,$8.10,,
CJ Bibigo Mandu Dumpling - Pork & Vegetable,500g,$7.80,Save$1.40,Till 19th Jun 2025
CJ Bibigo Mandu - Vegetables & Seafood,805g,$15.90,,
CJ Haechandle Gochujang Red Pepper Paste,500g,$6.01,,
CJ Beksul Korean Pancake Mix,500g,$2.65,,
CJ Bibigo Korean Sliced Kimchi,500g,$8.10,,
CJ Fresh Cooked Instant Rice - White,210g,$2.25,,
CJ Bibigo Dumplings - Pork & Vegetables,500g,$8.70,,
Clorox Bleach - Lemon,1L,$2.90,,
Clorox Bleach - Lemon,4L,$6.11,,
Clorox Disinfecting Floor Cleaner - Lemon,2L,$7.20,,
Clorox Bathroom Cleaner Spray,887ml,$8.61,,
Clorox Disinfecting Floor Cleaner - Lavender,2L,$7.20,,
Clorox Clean-Up All Purpose Cleaner with Bleach - Lemon,2L,$6.46,,
Clorox Bleach - Original,4L,$6.11,,
Clorox Automatic Toilet Bowl Cleaner,2 x 100g,$8.20,Save$0.87,Till 1st Jul 2025
Clorox Clean-Up Cleaner + Bleach Spray - Original,946ml,$8.60,Save$1.02,Till 1st Jul 2025
Clorox Disinfecting Cleaning Wipes - Crisp Lemon,75 per pack,$8.92,,
Clorox Mold & Mildew Remover Spray,500ml,$5.45,,
Clorox Clean-Up Cleaner + Bleach Spray - Rain Clean,946ml,$8.60,Save $1.02,Till 1st Jul 2025
Clorox Tilex Mold & Mildew Remover Spray,946ml,$11.00,,
Clorox Disinfecting Cleaning Wipes - Fresh Scent,75 per pack,$8.92,,
Clorox Urine Remover Spray,946ml,$7.80,Save$0.88,Till 1st Jul 2025
Clorox Toilet Tablets - Bleach & Blue,140g,$8.65,,
Clorox Toilet Bowl Cleaner with Bleach - Fresh Scent,2 x 709ml,$8.81,,
Clorox Toilet Bowl Cleaner - Clinging Bleach Gel,2 x 709ml,$8.81,,
Clorox Triple Action Bleach - Original,1L,$2.90,,
Clorox Toilet Bowl Cleaner with Bleach - Rain Clean,2 x 709ml,$8.81,,
Clorox Toilet Bowl Cleaner Tablets - Tru Blu,6 x 50g,$6.60,Save$1.09,Till 26th Jun 2025
Coca-Cola Can Drink - Classic,24 x 320ml (CTN),$21.15,,
Coca-Cola Bottle Drink - Zero Sugar,12 x 1.5L (CTN),$31.20,Save$2.40,Till 1st Jul 2025
Coca-Cola Bottle Drink - Vanilla,1.5L,$2.60,Save$0.20,Till 1st Jul 2025
Coca-Cola Can Drink - Light (Case),12 x 320ml,$10.80,,
Coca-Cola Bottle Drink - Zero Sugar,1.5L,$2.60,Save$0.20,Till 1st Jul 2025
Coca-Cola Can Drink - Vanilla,12 x 320ml (CTN),$10.80,,
Coca-Cola Can Drink - Zero Sugar,4 x 320ml,$3.80,Save$0.20,Till 1st Jul 2025
Coca-Cola Mini Can Drink - Classic,24 x 180ml (CTN),$17.15,,
Coca-Cola Can Drink - Zero Sugar,12 x 320ml (CTN),$10.80,,
Coca-Cola Original Taste - Less Sugar,24 x 320ml,$15.90,Save$5.25,Till 1st Jul 2025
Coca-Cola Mini Can Drink - Classic,6 x 180ml,$4.95,,
Coca-Cola Original Taste - Less Sugar,4 x 320ml,$3.80,Save$0.20,Till 1st Jul 2025
Coca-Cola Original Taste - Less Sugar,12 x 320ml,$10.80,,
Cock+Bull Red Wine - Cabernet Sauvignon,750ml,$19.90,Save$10.15,Ends in 1 day 5 hours
Coca-Cola Original Taste - Less Sugar,1.5L,$2.60,Save$0.20,Till 1st Jul 2025
Cock+Bull Red Wine - Merlot,750ml,$19.00,Save$11.05,Ends in 5h
Pokka Can Drink - Jasmine Green Tea,24 x 300ml (CTN),$13.60,Save$3.90,Till 1st Jan 2026
Cock+Bull Red Wine - Shiraz,750ml,$19.00,Save$11.05,Ends in 5h
Pokka Can Drink - Sparklin' Fuji Apple,24 x 325ml (CTN),$13.80,Save$1.09,Till 1st Jan 2026
Pokka Packet Drink - Ice Lemon Tea,24 x 250ml (CTN),$12.40,Save$2.00,Till 1st Jan 2026
Pokka Can Drink - Ice Peach Tea Zero Sugar,24 x 300ml (CTN),$13.60,Save$3.90,Till 1st Jan 2026
Pokka Packet Drink - Straight Red Tea,24 x 250ml (CTN),$12.40,Save$2.00,Till 1st Jan 2026
Hershey's Chocolate Syrup,623g,$6.50,Save$0.70,Till 1st Jul 2025
Pokka Packet Drink - Ice Peach Tea,24 x 250ml (CTN),$12.40,Save$2.00,Till 1st Jan 2026
Pokka Packet Drink - Carrot Fruit Juice,24 x 250ml (CTN),$14.20,Save$2.55,Till 1st Jan 2026
Dettol 4 in 1 Multi Surface Cleaner - Lavender,2.5L,$10.04,,
Dettol 4 in 1 Multi Surface Cleaner - Citrus,2.5L,$10.04,,
Dettol 4 in 1 Multi Surface Cleaner - Jasmine,2.5L,$10.04,,
Dettol 5 in 1 Antibacterial Washing Machine Cleaner - Lavender,250ml,$6.95,,
Dettol 4 in 1 Multi Surface Cleaner - Green Apple,2.5L,$10.04,,
Dettol Anti-Bacterial Personal Wet Wipes - Sensitive,3 x 10 per pack,$5.91,,
Dettol Anti-Bacterial Personal Wet Wipes,50 per pack,$8.60,,
Dettol All In One Disinfectant Spray - Lemon Breeze,450ml,$9.00,Save$1.39,Till 1st Jul 2025
Dettol Antibacterial Surface Disinfectant,500ml,$6.61,,
Dettol All In One Disinfectant Spray - Wild Lavender,450ml,$9.00,Save$1.39,Till 1st Jul 2025
Dettol Anti-Bacterial Trigger Spray - Bathroom,500ml,$7.16,,
Dettol Antiseptic Germicide Liquid,2L,$19.95,Save$9.55,Till 1st Jul 2025
Dettol Anti-Bacterial Wet Wipes,3 x 10 per pack,$5.91,,
Dettol Antiseptic Germicide Liquid,500ml,$9.90,,
Dettol Disinfectant Spray - Crisp Breeze,450ml,$9.00,Save$1.39,Till 1st Jul 2025
Dettol Disinfectant Spray - Morning Dew,450ml,$9.00,Save$1.39,Till 1st Jul 2025
Dettol Disinfectant Spray - Sakura Blossom,450ml,$9.00,Save$1.39,Till 1st Jul 2025
Dettol Antiseptic Germicide Liquid,750ml,$13.85,,
Dettol Antiseptic Germicide Liquid,2L + 500ml,$24.45,Save$3.45,Till 1st Jul 2025
Dettol Laundry Sanitiser Disinfectant - Lavender,1.5L,$20.13,,
Dettol Laundry Sanitiser - Fresh Pine,1.5L,$17.77,,
Doritos Tortilla Chips - Smoking BBQ,190g,$5.35,,
Doritos Tortilla Chips - Nacho Cheese,190g,$5.35,,
Doritos Tortilla Chips - Spicy Nacho,190g,$5.35,,
Genkiforest Sparkling Water - Lychee Fizzy,480ml,$1.64,,
Gillette Disposable Razor - Blue II Plus,5 + 1 per pack,$6.95,,
Genki Forest Sparkling Water - Grape Delight,480ml,$1.64,,
Gillette Foamy Shave Foam - Lemon Lime,175g,$7.02,,
3M Scotch-Brite General Purpose Cloths,5 per pack,$11.85,Save$1.27,Till 1st Jul 2025
Gan Yuan Broad Beans - Crab Roe,300g,$3.56,,
Doritos Tortilla Chips - Taco,190g,$5.35,,
Good Today Mini Protein Bar,144g,$5.45,Save$1.00,Till 1st Jul 2025
Jewon Gold Korean Citron Tea - Natural Yuja,1kg,$16.20,,
Gillette Shaving Foam Sensitive,200 ML,$4.50,,
Glico Pocky Family Pack Biscuit Sticks - Cookies & Cream,8 per pack,$4.89,,
Glico Collon Biscuit Roll - Chocolate,46g,$1.01,,
Good Today Ice Tea Zero Peach,1.5L,$4.95,,
Glico Pocky Biscuit Sticks - Cookies & Cream,40g,$1.43,,
Good Today Butter Cookies,230g,$3.65,Save$0.30,Till 1st Jul 2025
Good Today Korean Pancake Mix,700g,$2.65,Save$0.80,Till 26th Jun 2025
Good Today Americano Black,2.1L,$6.95,,
Good Today Seaweed Stick,160g,$3.95,,
Good Today Pretzels Choco,35g,$2.00,,
Good Today Seashell Shaped Snack,140g,$2.00,,
Good Today Protein Bar,3 x 50g,$5.45,Save$1.00,Till 1st Jul 2025
Haagen-Dazs Ice Cream - Belgian Chocolate,473ml,$14.77,,
Hershey's Cookie Balls - Cookies and Cream,36g,$1.70,,
Good Today Zzang Snack,130g,$2.00,,
Good Today Twist,125g,$2.00,,
Haagen-Dazs Macaron - Double Chocolate Ganache,420ml,$14.77,,
Haagen-Dazs Ice Cream - Coffee,473ml,$14.77,,
Greatwall Brand Vinegar - Black,635g,$2.14,,
Haagen-Dazs Ice Cream Macaron - Strawberry & Raspberry,420ml,$14.77,,
Haagen-Dazs Ice Cream - Chocolate,473ml,$14.77,,
Haagen-Dazs Ice Cream - Matcha Green Tea,473ml,$14.77,,
Haagen-Dazs Ice Cream - Macadamia Nut,473ml,$14.77,,
Haagen-Dazs Ice Cream - Cookies & Cream,473ml,$14.77,,
Haagen-Dazs Ice Cream - Strawberry,473ml,$14.77,,
Haagen-Dazs Ice Cream - Vanilla,473ml,$14.77,,
Haagen-Dazs Ice Cream - Mango & Raspberry,473ml,$14.77,,
Haagen-Dazs Ice Cream - Rum & Raisin,473ml,$14.77,,
Haagen-Dazs Ice Cream - Pistachio Cream,420ml,$14.77,,
Haday Cooking Wine,450ml,$2.40,,
Hai Di Lao Hot Pot Soup Base - Spicy,220g,$4.50,,
Hai Di Lao Spicy Hotpot Seasoning - Medium,360g,$4.50,,
Hai Chijia Hot & Sour Instant Noodles,143g,$3.31,,
Haagen-Dazs Mini Cups Ice Cream - Favourite Selection,4 x 100ml,$18.24,,
Haagen-Dazs Mini Cups Ice Cream - Fruit Fantasy,4 x 100ml,$18.24,,
Haitai Crackers - Original,6 x 7 per pack,$2.95,,
Haagen-Dazs Mini Cups Ice Cream - Chocoholic Moments,4 x 100ml,$18.24,,
Hai Di Lao Basic Stir Fry Sauce - Spicy,2 x 110g,$4.50,,
Haitian Superior Oyster Sauce,1 KG,$3.60,,
Hai Di Lao Hot Pot Seasoning - Tomato,200g,$4.50,,
Hai Di Lao Hot Pot Seasoning - Broth Flavor,110g,$4.50,,
Haitai Crackers - Almond,6 x 6 per pack,$2.95,,
Haesong Seaweed Snack - Teriyaki,3 x 4g,$1.89,,
Haesong Seaweed Snack - Kids,3 x 4g,$1.89,,
Harvey Fresh UHT Milk - Lactose Free (Skim),1L,$2.95,,
Heinz Yellow Mustard,368g,$7.55,,
Harvey Fresh UHT Milk - Lactose Free,1L,$3.47,,
Hershey's Chocolate Chips - Semi-Sweet,340g,$7.45,Save$0.85,Till 1st Jul 2025
Hershey's Baking Chips - Milk Chocolate,326g,$7.45,Save$0.85,Till 1st Jul 2025
Hong Da Biscuits - Chestnut,500g,$3.59,,
Hershey's Kisses Chocolate - Cookies & Creme,146g,$6.75,Save$0.75,Till 1st Aug 2025
Hershey's Chocolate Bar - Dark,40g,$1.90,Save$0.20,Till 1st Jul 2025
I'm Kimchi Korean Cabbage Kimchi,500g,$8.35,Save$0.45,Till 1st Jul 2025
I'm Bulgogi Frozen Marinated Meat - Spicy Pork,300g,$6.95,Save$2.45,Till 1st Jul 2025
I'm Bulgogi Frozen Marinated Meat - Chicken,300g,$6.95,Save$2.45,Till 1st Jul 2025
Hershey's Chocolate Bar - Cookies & Creme,40g,$1.90,Save$0.20,Till 1st Jul 2025
Ikan Brand Instant Curry Paste - Chicken,200g,$2.52,,
I'm Bulgogi Frozen Marinated Meat - Spicy Chicken,300g,$6.95,Save$2.45,Till 1st Jul 2025
I'm Bulgogi Frozen Marinated Meat - Galbi Chicken,300g,$6.95,Save$2.45,Till 1st Jul 2025
Jacob's Creek Red Wine - Cabernet Sauvignon,750ml,$22.90,Save$7.38,Till 1st Jul 2025
Jeju SamDaSoo Mineral Bottle Water,20 x 500ml (CTN),$18.00,Save$4.00,Till 1st Jan 2026
Julie's Butter Crackers,900 G,$9.59,,
Jinro Bottle Soju - Green Grape,360ml,$9.95,Save$3.20,Till 1st Jul 2025
Jeju SamDaSoo Mineral Bottle Water,6 x 2L (CTN),$12.00,Save$2.40,Till 1st Jan 2026
Jacob's Creek Classic Red Wine - Merlot,750ml,$22.90,Save$7.38,Till 1st Jul 2025
Jinro Chamisul Bottle Soju - Fresh,360ml,$12.65,Save$1.51,Till 1st Jul 2025
Jinro Bottle Soju - Peach,360ml,$9.95,Save$3.20,Till 1st Jul 2025
Julie's Cheese Crackers,325 G,$4.95,,
Julie's Crackers - Butter,600g,$8.00,,
Julie's Crackers - Milk Flavoured,306g (9 per pack),$4.95,,
Julie's Charm Sandwich - Double Chocolate,172g,$3.63,,
Julie's Crackers - Wheat,250g (10 per pack),$2.94,,
Julie's Love Letter Wafer Biscuit Roll - Chocolate,705g,$9.50,,
Julie's Sandwich Biscuits - Choco More,352g,$4.95,Save$0.65,Till 1st Jul 2025
Julie's Oat 25 Cookies - Hazelnuts & Chocolate Chips,200g,$3.26,,
Julie's Le-Mond Sandwich Biscuits - Cheddar Cheese,180g,$3.26,,
Julie's Oat 25 Cookies - Strawberry,200g,$3.26,,
Julie's Sandwich Biscuits - Cheese,336g (12 per pack),$5.60,,
Julie's Sandwich Biscuits - Peanut Butter,360g (12 per pack),$5.60,,
Julie's Assorted Biscuits - Assorties,530g,$7.64,,
Julie's Crackers - Butter,250g,$2.94,,
Julie's Veggie Crackers,10 per pack,$2.95,,
Kang Shi Fu Instant Bowl Noodle - Roasted Beef,110g,$1.64,,
Nestle Kit Kat 2 Finger Chocolate Bar - Dark 52% Cocoa,8 x 17g,$6.50,,
Julie's Le-Mond Sandwich Biscuits - Lemon,170g,$3.26,,
Julie's Oat 25 Cookies - Ten Grains,200g,$3.26,,
Kang Shi Fu Bottle Drink - Sour Plum,500ml,$1.53,,
Kang Shi Fu Instant Noodle - Chicken Mushroom,5 x 100g,$3.99,,
Kangshifu Snow Pear Drink,500ml,$1.53,,
Kang Shi Fu Instant Noodle - Hot Beef,5 x 104g,$3.99,,
Kao Bleach Liquid - Colour,2L,$5.10,Save$0.91,Till 1st Jul 2025
Kao Bleach Liquid - White,1.5L,$3.01,,
Kao Bleach Liquid - Colour,3L,$7.60,Save$0.35,Till 1st Jul 2025
Kao Bleach Powder - Colour,750g,$6.60,Save$2.01,Till 1st Jul 2025
Kellogg's Cereal - Coco Pops,190g,$4.50,,
Kao White Soap Bar - Elegant Floral,3 x 85g,$1.68,,
Kellogg's Cereal - Coco Pops,350g,$7.70,,
Kao Bleach Liquid - White,2.5L,$4.00,Save$0.38,Till 1st Jul 2025
Kellogg's Cereal - Rice Krispies,130g,$3.90,,
Kellogg's Cereal - Froot Loops,400g,$8.90,,
Kellogg's Cereal - Frosties,450g,$9.20,,
Kellogg's Cereal - School Pack,170g,$5.20,,
Kellogg's Granola - Dark Chocolate,350g,$10.50,,
Kellogg's Crunchy Nut Oat Granola - Hazelnuts & Chocolate,380g,$9.60,,
Kellogg's Granola - Super Berry,350g,$10.50,,
Kellogg's Granola - Deluxe Nuts,350g,$10.50,,
Kellogg's Cereal - Froot Loops,150g,$4.50,,
Kellogg's Cereal - Frosties,300g,$6.60,,
Kellogg's Cereal - Cornflakes,275g,$5.00,,
Kellogg's Cereal - Cornflakes (Jumbo Pack),500g,$6.70,,
Kewpie Dressing - Roasted Sesame (Yuzu),210ml,$4.95,,
Kewpie Dressing - Sesame Soy Sauce,210ml,$4.95,,
Kewpie Dressing - Roasted Sesame,500ml,$10.14,,
Kewpie Dressing - Caesar,210ml,$4.95,,
Kellogg's Cereal - Froot Loops,285g,$7.70,,
Kewpie Dressing - Roasted Sesame (Deep),380ml,$9.78,,
Kikkoman Marinade - Teriyaki (Thick),290g,$5.20,,
Kewpie Mayonnaise,310ml,$5.30,,
Kikkoman Soy Sauce - Special Fragrance,600ml,$4.02,,
Kikkoman Soy Sauce - Less Salt,600ml,$5.95,Save$0.36,Till 1st Jul 2025
Kikkoman Soy Sauce,1L,$6.57,,
Kikkoman Sauce - Teriyaki,250ml,$4.99,,
Kikkoman Soy Sauce - Sushi & Sashimi,150ml,$3.56,,
Kleenex On The Go Hanky Pack (3ply),10 per pack,$1.45,,
Kleenex Facial Tissue Box - Classic (2ply),5 x 150 per pack,$6.31,,
Kirin Ichiban Lager Beer,6 x 350ml,$18.90,Save$4.32,Till 1st Jul 2025
Kikkoman Marinade - Teriyaki,250ml,$5.33,,
Kit Kat 3 In 1 Chocolate Drink,10 x 33g,$6.95,,
Kleenex Facial Tissue Box - Gentle Clean (3ply),5 x 100 per pack,$6.57,,
Kleenex Facial Tissue Soft Pack (2ply),4 x 180 per pack,$6.06,,
Kleenex Facial Tissue Soft Pack - Ultra Soft (3ply),4 x 130 per pack,$6.06,,
Kleenex Supreme Skin Care Facial Tissue - Silky Smooth,5 x 80 per pack,$6.57,,
Kleenex Hand & Face Moist Wipes - Refreshing,3 x 20 per pack,$5.50,Save$0.40,Till 1st Jul 2025
Kleenex Hand Sanitizing Moist Wipes - AntiBac,3 x 10 per pack,$3.40,,
Kleenex Hand & Face Moist Wipes - Pure Water,3 x 10 per pack,$3.40,,
Kleenex Supreme Skin Care Lotion Tissue - 3 Ply,4 per pack,$2.04,,
Kleenex Hand & Face Moist Wipes - Pure Water,3 x 20 per pack,$5.50,Save$0.40,Till 1st Jul 2025
Kleenex Toilet Tissue Roll - Ultra Soft Cottony Clean,30 x 200 per pack,$21.95,Save$3.01,Till 1st Jul 2025
Kleenex Toilet Tissue Rolls - Green Tea Clean,20 x 190 per pack,$14.35,Save$0.71,Till 1st Jul 2025
Kleenex Toilet Tissue Rolls - Supreme Soft (3 ply),16 x 190 per pack,$14.35,Save$0.71,Till 1st Jul 2025
Kleenex Toilet Tissue Rolls - Ultra Soft (3 ply),20 x 200 per pack,$14.35,Save$0.71,Till 1st Jul 2025
Kleenex Toilet Tissue Rolls (4 ply) + Moist Toilet Wipes,30 x 180 per pack,$21.95,Save$3.01,Till 1st Jul 2025
Kleenex Toilet Tissue Rolls - Ultra Soft (3ply),10 x 200 per pack,$8.09,,
Kleenex Toilet Tissue Rolls - Ultra Soft Aloe Clean,20 x 190 per pack,$14.35,Save$0.71,Till 1st Jul 2025
Kleenex Toilet Tissue Rolls - Ultra Soft,20 + 2 x 200 per pack,$14.35,Save$0.71,Till 1st Jul 2025
Kleenex Ultra Soft Tissue Soft Pack - Moments (3ply),4 x 50 per pack,$2.04,,
Kleenex Ultra Soft & Thick Toilet Tissue Rolls,20 x 180 per pack,$14.35,Save$0.71,Till 1st Jul 2025
Kleenex Ultra Soft Toilet Tissue Rolls - Aloe Clean,20 + 2 x 190 per pack,$14.35,Save$0.71,Till 1st Jul 2025
Kleenex Toilet Tissue Rolls - Ultra Soft Aroma Clean,20 x 190 per pack,$14.35,Save$0.71,Till 1st Jul 2025
Kleenex Wet Toilet Tissue Flushable Wipes,3 x 10 per pack,$3.01,,
Kleenex Facial Tissue Box - Floral (3ply),5 x 100 per pack,$6.57,,
Kleenex Facial Tissue Box - Lifestyle (3ply),5 x 100 per pack,$6.57,,
Kleenex Wet Toilet Tissue Flushable Wipes - Kids Superior Clean,3 x 20 per pack,$3.50,Save$1.03,Till 1st Jul 2025
Kleenex Wet Toilet Tissue Flushable Wipes,3 x 40 per pack,$9.05,Save$1.09,Till 1st Jul 2025
Laoganma Sauce Condiments - Chili with Peanut,210g,$3.56,,
Lao Qian Instant Drink - White Coffee,12 x 40g,$8.50,,
Lao Qian Instant Drink - Milk Tea,12 x 40g,$8.50,,
Laurier F Ultra Gentle Night Pads - Slim (30cm),10 per pack•$0.60/pc,$5.96,,
Laurier Active Fit Pantiliners - Safety Long & Wide,40 per pack•$0.11/pc,$4.02,,
Laurier Active Fit Panty Liners - Non-Scented,2 x 40 + 40 per pack,$6.06,,
Laoganma Sauce Condiments - Spicy Chili Crisp,210g,$3.56,,
Laurier F Ultra Gentle Night Pads - Slim Extra Heavy (40cm),7 per pack•$0.86/pc,$5.96,,
Laurier F Ultra Gentle Night Pads - Slim Heavy (35cm),8 per pack•$0.75/pc,$5.96,,
Laurier Worry-Free Sleep Night Pads - 35cm,2 x 12 per pack,$6.57,,
Laurier Super Slimguard Cool Day Pads - 25cm,14 per pack•$0.47/pc,$6.56,,
Laurier Safety Comfort Day Pads - Slim Non Wing (22cm),30 per pack•$0.15/pc,$4.28,,
Laurier Super Slimguard CoolNightPads-NormaltoHeavy(30cm),12 per pack•$0.55/pc,$6.56,,
Laurier Super Slimguard Day Pads - Light (17cm),24 per pack•$0.28/pc,$6.56,,
Laurier Super Slimguard Night Pads - Heavy (35cm),12 per pack•$0.55/pc,$6.56,,
Laurier Super Slimguard Night Pads - Heavy (40cm),10 per pack•$0.66/pc,$6.56,,
Laurier Super Slimguard Day Pads -Normal Heavy(22.5cm),2 x 20 per pack,$12.18,,
Laurier Super Slimguard Day Pads - Normal Heavy (25cm),2 x 16 per pack,$12.18,,
Laurier Super Slimguard Night Pads-Normal Heavy (30cm),2 x 14 per pack,$12.18,,
Laurier Ultra Gentle Sanitary Pads - Ultra Slim,17 per pack•$0.36/pc,$5.96,,
Laurier Worry-Free Sleep Gathers Night Pads - 35cm,8 per pack•$0.38/pc,$3.01,,
Laurier Ultra Gentle Winged Pad - 22.5cm,20 per pack•$0.30/pc,$5.96,,
Laurier Worry-Free Sleep Gathers Night Pads - 40cm,8 per pack•$0.50/pc,$3.97,,
Lay's Potato Chips - Sour Cream & Onion,50 x 28.3g (CTN),$37.50,Save$8.42,Till 1st Jul 2025
Lay's Potato Chips - Salted Egg,170g,$5.35,,
Lay's Potato Chips - Barbecue,50 x 28.3g (CTN),$37.50,Save$8.42,Till 1st Jul 2025
Laurier Worry-Free Sleep Night Pads - 35cm,12 per pack•$0.34/pc,$3.97,,
Lay's Double Crunch Potato Chips - Extra Cheese,170g,$5.35,,
Lay's Double Crunch Potato Chips - Nori Seaweed,170g,$5.35,,
Lay's Potato Chips - Sour Cream & Onion,50g,$1.92,,
Lay's Fries Potato Sticks - Original,90g,$4.95,,
Lotte Happy Promise Choco Pie,168g (6 per pack),$2.86,,
Little Creatures Bottle Beer - Pale Ale,6 x 330ml,$24.00,Save$6.45,Till 1st Jul 2025
Lay's Fries Potato Sticks - Seaweed,90g,$4.95,,
Lay's Fries Potato Sticks - Tomato,90g,$4.95,,
Lotte Corn Chips - Grilled,67g,$2.32,,
Lotte Binch Biscuit - Chocolate,102g,$2.80,,
Lotte Corn Chips - Original,67g,$2.32,,
Lotte Corn Chips - Sweet & Spicy,67g,$2.32,,
Lotte Pepero Stick Biscuits - Crunky,39g,$1.52,,
Lotte Pepero Stick Biscuits - Choco Filled,50g,$1.52,,
Lotte Happy Promise Cream Cake - Custard,138g,$2.86,,
Lotte Pepero Stick Biscuits - Original,47g,$1.52,,
Lotte Pepero Stick Biscuits - Strawberry,37g,$1.52,,
Lotte Pepero Stick Biscuits - Snowy Almond,32g,$1.52,,
Lotte Pepero Stick Biscuits - Almond & Chocolate,32g,$1.52,,
Lotte Pepero Stick Biscuits - White Cookie,32g,$1.52,,
Munchy's Crackers - Butter Sandwich,270g,$3.13,,
Lotte Premium Luncheon Meat,340g,$4.95,Save$1.67,Till 1st Jul 2025
Meiji Greek Style Yoghurt - Natural,500g,$5.55,Save$1.95,Till 1st Jul 2025
M&M Minis Tube,35g,$2.20,,
Meiji Greek Style Yoghurt - Triple Berry,500ml,$5.55,Save$1.95,Till 1st Jul 2025
Meiji Greek Style Yoghurt - Triple Berry,1kg,$8.55,Save$0.95,Till 19th Jun 2025
Meiji Greek Style Yoghurt - Natural,1kg,$8.55,Save$0.95,Till 19th Jun 2025
M&M's Chocolate Candies - Milk,37g,$2.00,,
M&M's Chocolate Candies - Peanut,180g,$7.45,,
M&M's Chocolate Candies Funsize - Milk,175.5g (13 per pack),$5.50,Save $2.30,Ends in 1 day 5 hours
Munchy's Oat Krunch Breakfast - Chia Seed & Milk,192g,$3.78,,
Munchy's Crackers - Wheat,276g,$3.13,,
M&M's Chocolate Candies - Milk,180g,$7.45,,
M&M's Fun Size - Crispy,12 per pack,$5.50,Save$2.30,Ends in 1 day 5 hours
Magiclean Bathroom Cleaner with Refill - Refreshing Lemon,2 x 500ml,$7.34,,
M&M's Chocolate Candies - Peanut (Funsize),175.5g (13 per pack),$5.50,Save $2.30,Ends in 1 day 5 hours
Magiclean Bathroom Cleaner - Refreshing Lemon,500ml,$4.84,,
Magiclean Bathroom Stain & Mold Remover Refill,400ml,$4.50,Save $0.49,Till 1st Jul 2025
Magiclean Bathroom Cleaner Refill - Refreshing Lemon,500ml,$3.20,Save $0.57,Till 1st Jul 2025
Magiclean Daily Care Toilet Foam Spray - Elegant Rose,350ml,$5.60,,
Magiclean Bathroom Stain & Mold Remover,400ml,$5.35,Save $0.61,Till 1st Jul 2025
Magiclean Bathroom & Toilet Cleaner Trigger Spray + Refill,2 x 500ml,$8.73,,
Magiclean Bathroom & Toilet Cleaner - Lavender Fresh,500ML,$5.35,Save $0.61,Till 1st Jul 2025
Magiclean Daily Care Toilet Foam Spray - Refreshing Citrus,350ml,$5.60,,
Magiclean Bathroom & Toilet Cleaner Refill - Lavender Fresh,500ml,$4.99,,
Magiclean Dual Power Toilet Cleaner - Forest Fresh,650ml,$3.75,Save$0.22,Till 1st Jul 2025
Magiclean Disinfectant Spray - Multi-Purpose,400ml,$5.45,Save$0.61,Till 19th Jun 2025
Magiclean Dual Power Toilet Cleaner - Ocean Fresh,650ml,$3.75,Save$0.22,Till 1st Jul 2025
Magiclean Floor Cleaner - Aromatic Lavender,2L,$5.65,Save$0.41,Till 1st Jul 2025
Magiclean Floor Cleaner Natural Essence - Calming Serenity,1.8L,$5.65,Save$0.41,Till 1st Jul 2025
Magiclean Floor Cleaner - Fresh Floral,2L,$5.65,Save$0.41,Till 1st Jul 2025
Magiclean Floor Cleaner - Crystal Shine for Marble & Stone,1.8L,$8.65,,
Magiclean Floor Cleaner Natural Essence - Delightful Bliss,1.8L,$5.65,Save$0.41,Till 1st Jul 2025
Magiclean Floor Cleaner Natural Essence - Soothing Zen,1.8L,$5.65,Save$0.41,Till 1st Jul 2025
Magiclean Floor Cleaner - Refreshing Green Apple,2L,$5.65,Save$0.41,Till 1st Jul 2025
Magiclean Floor Cleaner - Fresh Lemon,2L,$5.65,Save$0.41,Till 1st Jul 2025
Magiclean Floor Cleaner - Fresh Floral,2.8L,$6.60,Save$0.50,Till 1st Jul 2025
Magiclean Floor Cleaner - Green Apple,2.8L,$6.60,Save$0.50,Till 1st Jul 2025
Magiclean Floor Cleaners - Hygiene Plus+,2L,$5.95,Save$1.12,Till 19th Jun 2025
Magiclean Floor Cleaner - Lavender,2.8L,$6.60,Save$0.50,Till 1st Jul 2025
Magiclean Floor Cleaner - Lemon,2.8L,$6.60,Save$0.50,Till 1st Jul 2025
Magiclean Kitchen Bleach,600ml,$3.41,,
Magiclean Glass Cleaner Refill,500ml,$2.04,,
Magiclean Glass Cleaner,500ml,$3.26,,
Magiclean Wiper Handy Duster - Extendable,1 per pack,$10.70,Save$3.51,Till 19th Jun 2025
Magiclean Kitchen Cleaner Natural - Fresh Orange,500ml,$5.35,Save$0.60,Till 1st Jul 2025
Magiclean Kitchen Cleaner Natural Refill - Fresh Orange,500ml,$4.50,Save$0.49,Till 1st Jul 2025
Magiclean Multi-Purpose Disinfecting Wet Wipes Refill Pack,80 per pack,$7.28,,
Magiclean Kitchen Cleaner with Refill - Refreshing Lime,2 x 500ml,$7.34,,
Magiclean Kitchen Cleaner - Refreshing Lime,500ml,$4.84,,
Magiclean Kitchen Cleaner Refill - Refreshing Lime,500ml,$3.20,Save$0.57,Till 1st Jul 2025
Magiclean Pipe & Sink Cleaner,500ml,$7.03,,
Magiclean Wiper Dry Sheet,40 per pack,$9.50,Save$0.94,Ends in 5h
Magiclean Natural Plant-based Surface Cleaner,300ml,$5.05,Save$0.55,Till 1st Jul 2025
Magiclean Toilet Bleach Power Cleaner,3 x 500ml,$9.43,,
Magiclean Toilet Bleach Power Cleaner - Lemon,500ml,$3.30,Save$0.47,Till 1st Jul 2025
Magiclean Toilet Bleach Power Cleaner,500ml,$3.30,Save$0.47,Till 1st Jul 2025
Magiclean Pipe & Sink Cleaner Refill,500ml,$5.05,Save$0.55,Till 1st Jul 2025
Magiclean Wiper Handy Duster Refill,3 per pack,$4.59,,
Magiclean Pipe & Sink Declogger,500g,$7.03,,
Magiclean Wiper Dry Sheet,3 x 20 per pack,$13.40,Save$1.01,Till 19th Jun 2025
Magiclean Wiper Wet Sheet - Strong,12 per pack,$8.70,Save$0.52,Till 1st Jul 2025
Magiclean Wiper Wet Sheet - Fresh Mint,16 per pack,$8.70,Save$0.52,Till 1st Jul 2025
Magiclean Wiper Strong Wet Sheet - Refreshing Lemon,12 per pack,$8.70,Save$0.52,Till 1st Jul 2025
McCormick Seasoning - Black Pepper Coarse,37g,$5.25,,
Magiclean Wiper Wipe & Mop Set,1 per pack,$22.55,Save$2.41,Till 1st Jul 2025
Magiclean Wiper Wet Sheet - Happy Rose,16 per pack,$8.70,Save$0.52,Till 1st Jul 2025
Mamee Noodle Snack - BBQ,10 x 25g,$2.70,,
Mamee Noodle Snack - Chicken,10 x 25g,$2.70,,
Mayver's All Natural Spread - Almond,240g,$13.76,,
McVitie's Digestive Biscuits - Original (Twin Pack),2 x 360g,$5.85,Save$0.46,Till 1st Aug 2025
McCormick Paprika Ground,40g,$4.55,,
Mccormick Chilli Flakes,29g,$6.45,,
McCormick Seasoning - Onion Powder,45g,$4.55,,
McCormick Seasoning - Garlic Powder,55g,$5.25,,
Mayver's All Natural Spread - Peanut Butter (Crunchy),375g,$8.00,,
McCormick Grinder - Sea Salt,60g,$7.15,,
McVities Digestives Biscuits,400g,$4.45,,
McCormick Paprika Smoked,40g,$5.25,,
Meiji Chocolate - Almond,79g,$3.66,,
McVitie's Digestive Biscuits - Plain Chocolate,300g,$8.02,,
Meiji Chocolate - Almond (Black),75g,$3.66,,
Meiji Chocolate Block - Milk,120g,$4.55,Save$0.85,Till 1st Jul 2025
Meiji Chocolate Block - Black,50g,$1.92,,
Meiji Chocolate Block - Black,120g,$4.55,Save$0.85,Till 1st Jul 2025
Meiji Chocorooms - Strawberry,19g,$1.01,,
Meiji Low Fat Fresh Milk - Chocolate,2L,$6.70,Save$0.27,Till 1st Jul 2025
Meiji Chocolate Block - Milk,50g,$1.92,,
Meiji Plain Crackers - Original,4 x 26g,$1.68,,
Meiji Printed Biscuits - Dinoland,70g,$1.37,,
Meiji Fresh Milk - Regular,200ml,$1.28,,
Meiji Flavoured Yoghurt with Nata De Coco - Kyoho Grape,135g,$1.01,,
Meiji Fresh Bottle Milk - Skimmed,2L,$6.70,Save$0.27,Till 1st Jul 2025
Meiji Flavoured Milk - Coffee,830ml,$3.53,,
Meiji Gummy Choco - Green Grape,50g,$3.36,,
Meiji Fresh Milk - Regular,2L,$6.70,Save$0.27,Till 1st Jul 2025
Meiji Fresh Milk - Regular,450ml,$2.47,,
Meiji Hello Panda Biscuits - Assorted,234g,$6.67,,
Meiji Gummy Choco - Strawberry,50g,$3.36,,
Meiji Hello Panda Biscuits - Chocolate,50g,$1.37,,
Meiji Hello Panda Biscuits - Chocolate,234g (9 x 26g),$6.67,,
Meiji Hello Panda Biscuits - Double Chocolate,234g (9 x 26g),$6.67,,
Meiji Hello Panda Biscuits - Milk,234g (9 x 26g),$6.67,,
Meiji Hello Panda Biscuits - Strawberry,234g (9 x 26g),$6.67,,
Meiji Low Fat Fresh Bottle Milk - Chocolate,830ml,$3.53,,
Meiji Low Fat Fresh Bottle Milk - Chocolate,200ml,$1.28,,
Meiji Low Fat Milk - Regular,830ml,$3.53,,
Meiji Low Fat Fresh Milk - Regular,2L,$6.70,Save$0.27,Till 1st Jul 2025
Meiji Low Fat Milk Bottle Drink - Strawberry,830ml,$3.53,,
Meiji Low Fat Yoghurt - Natural,135g,$1.01,,
Meiji Lucky Biscuit Stick - Chocolate,8 x 15g,$2.95,,
Meiji Multivitamin Low Fat Milk,946ml,$4.95,Save$0.90,Till 1st Jul 2025
Meiji Low Fat Yoghurt - Aloe Vera,135g,$1.01,,
Meiji Lucky Biscuit Stick - Strawberry,120g,$2.95,,
Meiji Low Fat Yoghurt - Strawberry,135g,$1.01,,
Meiji Low Fat Yoghurt - Nata De Coco,135g,$1.01,,
Meiji Pasteurized Fresh Milk - 4.3 Deluxe,946ml,$3.63,,
Meiji Paigen Culture Milk - Less Sugar,5 x 100ml,$2.85,Save$1.17,Till 1st Jul 2025
Meiji Plain Cracker,416g,$6.06,,
Meiji Plain Cracker - Sesame,416g,$6.06,,
Meiji Plain Cracker - Oat,416g,$6.06,,
Meiji Pasteurized Lactose Free Milk,946ml,$5.25,Save$0.55,Till 1st Jul 2025
Meiji Pasteurized Fresh Milk,830ml,$3.53,,
Meiji Plain Crackers - Sesame,4 x 26g,$1.68,,
Meiji Plain Crackers - Oats,4 x 26g,$1.68,,
Meiji Printed Biscuits - Oceanland,70g,$1.37,,
Meiji Printed Biscuits - Zooland,70g,$1.37,,
Meiji Yan Yan Stick Biscuits - Choco-Hazelnut,44g,$1.37,,
Meiji Yan Yan Stick Biscuits - Chocolate,50g,$1.37,,
Meiji Yan Yan Stick Biscuits - Strawberry,50g,$1.37,,
Meiji Yan Yan Stick Biscuits - Chocolate & Strawberry,44g,$1.37,,
Meiji Yan Yan Stick Biscuits - Tsukebo Chocolate (Double Dip),48g,$1.37,,
Milo Chocolate Malt Can Drink - Calcium Plus,6 x 240ml,$7.87,,
Milo 2 in 1 Instant Chocolate Malt with Milk - Calcium Enriched,12 x 30g,$8.95,,
Milo Chocolate Malt Can Drink - Original,6 x 240ml,$7.87,,
Milo Chocolate Malt Drink - Gao Siew Dai Whole Grain Cereal,10 x 36g,$7.95,,
Milo 3 in 1 Instant Chocolate Malt with Milk- Regular,16 x 27g,$7.00,Save$0.95,Ends in 1 day 5 hours
Milo Chocolate Malt Drink Powder with Milk - Australian Recipe,800g,$14.95,,
Milo Activ-Go Australian Recipe Sachet with Milk,12 per pack,$8.95,,
Milo Chocolate Malt Drink Powder with Milk - Australian Recipe,1.25kg,$20.03,,
Milo Chocolate Malt Drink Powder with Milk - Regular,1.1kg,$27.73,,
Milo Chocolate Malt Milk UHT Packet Drink,1L,$3.00,,
Milo Chocolate Malt Drink Powder with Milk - Australian Recipe,450g,$9.95,,
Milo Chocolate Malt Milk UHT Packet Drink,24 x 200ml (CTN),$14.45,Save$1.15,Till 26th Jun 2025
Milo Chocolate Malt Drink Powder with Milk - Gao Kosong (Sachet),15 x 33g,$8.95,,
Milo Chocolate Malt Milk Bottle Drink - Peng,6 x 225ml,$7.83,,
Milo Chocolate Malt Milk UHT Packet Drink,12 x 1L (CTN),$31.00,Save$5.00,Till 1st Jan 2026
Milo Chocolate Malt Milk UHT Packet Drink,40 x 125ml (CTN),$21.00,Save$7.70,Ends in 5h
Milo Chocolate Malt Milk UHT Packet Drink -Less Sugar,24 x 200ml (CTN),$19.50,Save$1.09,Till 1st Jan 2026
Milo Chocolate Malt Milk UHT Packet Drink -Less Sugar,40 x 125ml (CTN),$34.45,Save$4.55,Till 1st Jan 2026
Milo Chocolate Malt Milk UHT Packet Drink,4 x 125ml,$2.87,,
Milo Chocolate Malt Milk UHT Packet Drink - Less Sugar,6 x 200ml,$5.14,,
Milo Chocolate Malt UHT Packet Drink,6 x 200ml,$3.90,,
Milo Instant Chocolate Malt Drink Powder with Milk  - Gao Kosong,750g,$9.95,,
Milo Instant Chocolate Malt Drink Powder with Milk  - Gao Kosong,450g,$6.95,,
Milo Instant Chocolate Malt Drink Powder with Milk - Regular,1.3kg,$14.95,,
Milo Intense 3 in 1 Instant Malt - Dark Chocolate,10 x 33g,$7.46,,
Mister Potato Crisps - Sweet Potato,130g,$2.00,Save$0.63,Till 1st Jul 2025
Milo Instant Chocolate Malt with Milk - Gao Siew Dai,13 x 33g,$7.95,,
Morinaga Pancake Mix,4 x 150g,$8.83,,
Mizkan Soup Base - Pork Bone and Soy Sauce,750g,$7.03,,
Mizkan Sesame Sauce - Calorie Half,250ml,$5.95,,
Munchy's Assorted Biscuit Pack - Fun Mix (Jumbo),900g,$7.77,,
Mizkan Sesame Sauce - Roasted Nuts,250ml,$5.95,,
Mizkan Soup Base for Hot Pot - Chicken Paitan,729ml,$7.03,,
Mizkan Soup Base - Sesame and Soy Milk,750g,$7.03,,
Munchy's Lexus Cookies - Original,189g,$3.63,,
Munchy's Lexus Cookies - Dark Chocolate,189g,$3.63,,
Munchy's Crackers - Choco Sandwich,258g,$3.13,,
Munchy's Lexus Sandwich Biscuits - Chocolate,200g,$3.63,,
Munchy’s Lexus Sandwich Calcium Crackers - Cheese,190g,$3.63,,
Munchy's Lexus Sandwich Calcium Crackers - Chocolate,418g,$5.76,,
Munchy's Lexus Sandwich Calcium Crackers - Lemon,190g,$3.63,,
Munchy's Lexus Sandwich Calcium Crackers - Chocolate,190g,$3.63,,
Munchy's Lexus Sandwich Calcium Crackers - Peanut Butter,190g,$3.63,,
Munchy's Oat Krunch Crackers - Chunky Hazelnut,260g,$3.78,,
Munchy's Oat Krunch Crackers - Cranberry,192g,$3.78,,
Munchy's Lexus Sandwich Calcium Crackers - Vegetable,200g,$3.63,,
Munchy's Oat Krunch Crackers - Chunky Hazelnut,208g (8 per pack),$3.78,,
Munchy's Oat Crunch Crackers - Nutty Chocolate,208g,$3.78,,
Munchy's Oat Krunch Crackers - Dark Chocolate,260g (10 per pack),$3.78,,
Munchy's Oat Krunch Crackers - Chunky Hazelnut,390g (15 per pack),$5.60,,
Munchy's Oat Krunch Crackers-StrawberryBlackcurrent,260g,$3.78,,
Munchy's Oat Krunch Crackers - Dark Chocolate,208g (8 per pack),$3.78,,
Munchy's Oat Krunch - Nutty Chocolate,15 per pack,$5.60,,
Munchy's Oat Krunch - Dark Chocolate,15 per pack,$5.60,,
Nature's Valley Chewy Protein Bars - Peanut and Chocolate,4 x 40g,$7.75,Save$0.58,Till 1st Jul 2025
Munchy's Oat Krunch Crackers-StrawberryBlackcurrent,390g (15 per pack),$5.60,,
Nabisco Chicken in a Biskit Baked Snack Crackers,212g,$4.95,,
Munchy's Oat Krunch Crackers - Strawberry & Blackcurrant,208g (8 per pack),$3.78,,
Nan Xiang Cabbage Pork Dumpling,400 G,$4.59,,
Munchy's Crackers - Cream,300g,$3.13,,
Nature Valley Protein Chewy Bars - Salted Caramel Nut,4 x 40g,$7.75,Save$0.58,Till 1st Jul 2025
Munchy's Crackers - Vegetables,390g,$3.13,,
Nan Xiang Chives Pork Dumpling,400 G,$4.59,,
Nature Valley Crunchy Granola Bar - Oats & Dark Chocolate,210g,$5.96,,
Nature Valley Crunchy Granola Bar - Oats & Honey,210g,$5.96,,
Nature Valley Crunchy Granola Bar - Variety,210g,$5.96,,
Starbucks Coffee Capsules - Matcha Latte,12 per pack,$9.45,,
Nature Valley Crunchy Granola Bar - Roasted Almonds,210g,$5.96,,
Nescafe Dolce Gusto Starbucks Coffee Capsules-Caffe Latte,12 per pack,$9.45,,
Nestle Kit Kat Chunky Mini Chocolate Bar - Milk,250g,$8.50,,
Nestle Kit Kat 2 Finger Chocolate Bar - Milo,10 x 16g,$6.50,,
Starbucks Nespresso Coffee Capsules - Pike Place (Lungo),53g,$8.40,,
Nestle Kit Kat 2 Finger Chocolate Bar - Milk,204g (12 per pack),$7.15,,
Nestle Kit Kat Chunky Mini Moments - Assorted,201g,$9.50,,
Nestle Mini Kit Kat - Mix,197.4g,$9.50,,
Nissin Cup Noodles - Fish Head Curry,73g,$1.66,,
Nissin Instant Bowl Noodles - Chicken,112g,$1.64,,
Nissin Instant Cup Noodles - Spicy Seafood,75g,$1.66,,
Nissin Instant Bowl Noodles - Sesame Oil,110g,$1.64,,
Nissin Instant Cup Noodles - Kyushu White,75g,$1.66,,
Nestle Kit Kat Chocolate Block - Dark,170g,$6.40,,
Nissin Granola - Fruit,500g,$9.10,Save$0.58,Till 1st Jul 2025
Nissin Instant Cup Noodles - Chili Crab,75g,$1.66,,
Nissin Granola - Maple Syrup,500g,$9.10,Save$0.58,Till 1st Jul 2025
Nissin Instant Cup Noodles - Chicken,72g,$1.66,,
Nissin Instant Cup Noodles - Mushroom Chicken,73g,$1.66,,
Nissin Instant Cup Noodles - Seafood,75g,$1.66,,
Nissin Granola - Matcha,500g,$9.10,Save$0.58,Till 1st Jul 2025
Nissin Granola - Strawberry,400g,$9.10,Save$0.58,Till 1st Jul 2025
Nissin Instant Broth Noodle - Black Garlic OilTonkatsu(Non-Fried),174g,$2.98,Save$0.38,Till 1st Jul 2025
Nissin Instant Bowl Noodle - Tokyo Shoyu,110g,$1.82,Save$0.62,Till 1st Jul 2025
Nissin Instant Cup Noodles - Tom Yam Seafood,108g,$2.42,,
Nissin Instant Noodles - Tom Yum,5 x 85g,$2.78,Save$0.22,Till 1st Jul 2025
Nissin Instant Bowl Noodle - Jumbo Seafood Chilli Crab,121g,$2.68,Save$0.33,Till 1st Jul 2025
Nissin Instant Cup Noodles - Black Pepper Crab,81g,$1.66,,
Nissin Instant Broth Noodle - Kyushu Tonkatsu(Non-Fried),176g,$2.98,Save$0.38,Till 1st Jul 2025
Nissin Instant Cup Noodles - Korean Army Stew,76g,$1.66,,
Nissin Instant Noodles - Chicken,5 x 82g,$2.78,Save$0.22,Till 1st Jul 2025
Nissin Instant Noodles - Sesame Oil,5 x 81g,$2.78,Save$0.22,Till 1st Jul 2025
Nissin Instant Noodles - Garlic Chicken,5 x 82g,$2.78,Save$0.22,Till 1st Jul 2025
Nissin Instant Noodles - Spicy Sesame,5 x 82g,$2.78,Save$0.22,Till 1st Jul 2025
Nissin UFO Instant Cup Noodles - Korean Hot Chicken,99g,$1.66,,
Nissin Irvins Packet Noodles - Salted Egg,5 x 113g,$6.01,Save$1.02,Till 1st Jul 2025
Nissin Instant Japanese Ramen - Kyushu Black,5 x 106g,$3.99,Save$0.34,Till 1st Jul 2025
Nissin Koikeya Series Potato Chips - Hot & Spicy,55g,$2.53,,
Nissin Irvins Instant Noodles - Salted Egg,100g,$2.68,Save$0.33,Till 1st Jul 2025
Nissin Instant Japanese Ramen - Tokyo Shoyu,5 x 106g,$3.99,Save$0.34,Till 1st Jul 2025
Nissin Irvins Packet Noodles - Spicy Salted Egg,113g,$6.01,Save$1.02,Till 1st Jul 2025
Nissin UFO Instant Cup Noodles - Singapore Black Pepper Crab,94g,$1.66,,
Nissin Instant Japanese Ramen - Hokkaido Miso,5 x 106g,$3.99,Save$0.34,Till 1st Jul 2025
Nissin UFO Instant Cup Noodles - Truffle Carbonara,105g,$1.66,,
Nissin UFO Instant Cup Noodles - Osaka Takoyaki,97g,$1.66,,
Nongshim Instant Cup Noodle - Korean Clay Pot,70g,$1.00,Save$0.53,Ends in 1 day 5 hours
Nongshim AnSungTangMyun - Spicy Miso,5 x 125g,$6.80,Save$3.14,Till 1st Jul 2025
Nongshim Instant Bowl Noodle - Korean Clay Pot,117g,$1.79,,
Nongshim Instant Bowl Noodle - Spicy,117g,$1.79,,
Nongshim Instant Cup Noodle - Kimchi,70g,$1.00,Save$0.53,Ends in 1 day 5 hours
Nongshim Instant Bowl Noodle - Kimchi,117g,$1.79,,
Nongshim Instant Cup Noodle - Shrimp,72g,$1.00,Save$0.53,Ends in 1 day 5 hours
Nongshim Instant Cup Noodle - Spicy,72g,$1.00,Save$0.53,Ends in 1 day 5 hours
Nongshim Instant Cup Noodle - Variety Pack,6 per pack,$5.95,Save$1.69,Till 1st Jul 2025
Nongshim Instant Noodle - Korean Clay Pot,5 x 120g,$5.50,,
Nongshim Kimchi Ramyun Instant Noodle,5 x 120g,$5.50,,
Nongshim Shin Ramyun Instant Noodle - Stir Fry Tomyum,4 x 130g,$6.80,Save$3.14,Till 1st Jul 2025
Nongshim Instant Noodle - Neoguri,5 x 120g,$5.50,,
Nongshim Shin Ramyun Instant Noodle - Stir Fry Cheese,5 x 136g,$6.80,Save$3.14,Till 1st Jul 2025
Nongshim Shin Ramyun Instant Noodle - Shrimp,5 x 120g,$5.50,,
Nongshim Instant Noodle - Rich Potato,5 x 120g,$5.50,,
Nongshim Shin Ramyun Instant Noodle - Spicy Chicken,5 x 120g,$6.80,Save$3.14,Till 1st Jul 2025
Nongshim Shin Ramyun Instant Noodle - Tomyum,4 x 123g,$6.80,Save$3.14,Till 1st Jul 2025
Nongshim Shin Ramyun Instant Noodle - Spicy,5 x 120g,$5.50,,
Nongshim Shin Ramyun - Gourmet Spicy Noodles,5 x 131g,$6.80,Save$3.14,Till 1st Jul 2025
Nongshim Sweet Potato Glass Noodles,500g,$3.95,Save$1.55,Till 1st Jul 2025
Old Town 3 in 1 Instant Milk Tea - White,13 x 35g,$7.25,Save$0.80,Till 1st Aug 2025
Old Town 3 in 1 Instant White Coffee - Less Sugar,13 x 35g,$8.05,,
Old Town 3 in 1 Instant White Coffee - Natural Cane Sugar,13 x 36g,$8.05,,
Old Town 3 in 1 Instant White Coffee - Extra Rich,13 x 35g,$8.05,,
Old Town 2 in 1 Instant White Coffee - Coffee & Creamer,13 x 25g,$8.05,,
Old Town 3 in 1 Instant White Coffee - Classic,13 x 38g,$8.05,,
Old Town 3 in 1 Instant White Coffee - Hazelnut,13 x 35g,$8.05,,
Old Town 3 in 1 Instant White Coffee - Salted Caramel,13 x 35g,$8.05,,
Oreo Bowtie Chocolate,40g,$1.95,,
Oriental Super Ring Cheese Snack,60g,$1.17,,
Old Town Nanyang Instant White Coffee O - Kosong,20 x 12g,$7.08,,
Old Town Nanyang Instant White Coffee O - Sugar Added,20 x 20g,$7.08,,
Ottogi Instant Ramen - Cheese,4 x 111g,$6.06,,
Pearl River Bridge Fried Dace with Black Salted Beans,184g,$3.35,,
Pagoda Shao Hsing Hua Tiao Chiew,375ml,$11.21,,
Pearl River Bridge Soy Sauce - Superior Light,600ml,$2.80,,
Penfolds Koonunga Hill Red Wine - Cabernet Sauvignon,750ml,$24.80,Save$13.19,Till 19th Jun 2025
Penfolds Koonunga Hill Red Wine - Shiraz,750ml,$24.80,Save$13.19,Till 19th Jun 2025
Pokka Bandung Rose Milk Drink,24 x 250ml (CTN),$12.35,Save$1.37,Till 1st Jan 2026
Pillsbury Chakki Atta,5 KG,$13.40,,
Penfolds Koonunga Hill Red Wine - Shiraz Cabernet,750ml,$24.80,Save$13.19,Till 19th Jun 2025
Pokka Bottle Drink - Chrysanthemum (Less Sugar),1.5L,$2.10,Save$0.40,Till 1st Jul 2025
Pokka Bandung Rose Milk Drink,6 x 250ml,$3.25,Save$0.23,Till 1st Jul 2025
Pokka Bottle Drink - Carrot Juice,1.5L,$4.24,,
Pokka Bottle Drink - Jasmine Green Tea,12 x 1.5L (CTN),$23.95,Save$6.05,Till 1st Jan 2026
Pokka Bottle Drink - Ice Lemon Tea (Less Sugar),1.5L,$2.10,Save$0.40,Till 1st Jul 2025
Pokka Bottle Drink - Passion Fruit Tea,1.5L,$2.10,Save$0.40,Till 1st Jul 2025
Pokka Bottle Drink - Blueberry Tea,1.5L,$2.10,Save$0.40,Till 1st Jul 2025
Pokka Bottle Drink - Fresh Pomegranate Juice,1.5L,$4.24,,
Pokka Bottle Drink - Japanese Green Tea (No Sugar Added),1.5L,$2.10,Save $0.40,Till 1st Jul 2025
Pokka Can Drink - Ice Peach Tea Zero Sugar,12 x 300ml,$7.15,Save$1.60,Till 1st Jul 2025
Pokka Can Drink - Ice Lemon Tea Zero Sugar,12 x 300ml,$7.15,Save$1.60,Till 1st Jul 2025
Pokka Can Drink - Peach Oolong Tea (Less Sugar),12 x 300ml (CTN),$7.15,Save$1.60,Till 1st Jul 2025
Pokka Can Sencha Japanese Green Tea Can - No Sugar,12 x 300ml,$7.15,Save$1.60,Till 1st Jul 2025
Pokka Can Drink - Oolong Tea (No Sugar Added),24 x 300ml (CTN),$13.60,Save$3.90,Till 1st Jan 2026
Pokka Can Drink - Green Tea (Peppermint),6 x 300ml,$3.75,Save$0.90,Till 1st Jul 2025
Pokka Bottle Drink - Chrysanthemum with White Tea,1.5L,$2.10,Save$0.40,Till 1st Jul 2025
Pokka Packet Drink -  Green Tea,24 x 250ml (CTN),$12.40,Save$2.00,Till 1st Jan 2026
Pokka Can Drink - Jasmine Green Tea,6 x 300ml,$3.75,Save$0.90,Till 1st Jul 2025
Pokka Houjicha Japanese Roasted Tea - No Sugar,24 x 300ml (CTN),$13.60,Save$3.90,Till 1st Jan 2026
Pokka Bottle Drink - Natsbee Honey Lemon,1.5L,$1.95,Save$0.62,Till 1st Jul 2025
Pokka Can Drink - Oolong Tea (No Sugar Added),12 x 300ml,$7.15,Save$1.60,Till 1st Jul 2025
Pokka Bottle Drink - Honey Green Tea,1.5L,$2.10,Save$0.40,Till 1st Jul 2025
Pokka Houjicha Japanese Roasted Green Tea - No Sugar,12 x 300ml,$7.15,Save$1.60,Till 1st Jul 2025
Pokka Japanese Roasted Tea - Houjicha,24 x 250ml (CTN),$12.40,Save$2.00,Till 1st Jan 2026
Pokka Can Drink - Jasmine Green Tea,12 x 300ml (CTN),$7.15,Save$1.60,Till 1st Jul 2025
Pokka Bottle Drink - Ice Lemon Tea,1.5L,$2.10,Save$0.40,Till 1st Jul 2025
Pokka Packet Drink - Soursop Juice,6 x 250ml,$2.90,Save$0.28,Till 1st Jul 2025
Pokka Bottle Drink - Jasmine Green Tea (No Sugar Added),1.5L,$2.10,Save$0.40,Till 1st Jul 2025
Pokka Bottle Drink - Jasmine Green Tea,1.5L,$2.10,Save$0.40,Till 1st Jul 2025
Pokka Packet Drink - Carrot Juice,6 x 250ml,$4.19,,
Pokka Lychee Oolong Tea,24 x 250ml (CTN),$12.40,Save$2.00,Till 1st Jan 2026
Pokka Lychee Oolong Tea,1.5L,$2.10,Save$0.40,Till 1st Jul 2025
Pokka Can Drink - Ice Lemon Tea,12 x 300ml (CTN),$7.15,Save$1.60,Till 1st Jul 2025
Pokka Packet Drink - Kiyo Kyoho Grape,6 x 250ml,$3.30,Save$0.42,Till 1st Jul 2025
Pokka Lychee Oolong Tea,300ml,$7.15,Save$1.60,Till 1st Jul 2025
Pokka Bottle Drink - Kiyo Kyoho Grape,1.5L,$2.55,,
Pokka Milk Coffee Bottle Drink - Less Sweet,500ml,$1.50,Save$0.32,Till 1st Jul 2025
Pokka Lychee Oolong Tea,6 x 250ml,$3.15,Save$0.45,Till 1st Jul 2025
Pokka Packet Drink - Ice Blueberry Tea (Less Sugar),24 x 250ml (CTN),$12.40,Save$2.00,Till 1st Jan 2026
Pokka Packet Drink - Mixed Berries & Carrot Juice,6 x 250ml,$4.19,,
Pokka Bottle Drink - Oolong Tea (No Sugar Added),1.5L,$2.10,Save$0.40,Till 1st Jul 2025
Pokka Packet Drink - Ice Peach Tea (Less Sugar),24 x 250ml (CTN),$12.40,Save$2.00,Till 1st Jan 2026
Pokka Packet Drink - Houjicha (Japanese Roasted Tea),6 x 250ml,$3.15,Save$0.45,Till 1st Jul 2025
Pokka Packet Drink - Ice Lemon Tea (Less Sugar),6 x 250ml,$3.15,Save$0.45,Till 1st Jul 2025
Pokka Packet Drink - Ice Lemon Tea (Less Sugar),24 x 250ml (CTN),$12.40,Save$2.00,Till 1st Jan 2026
Pokka Packet Drink - Jasmine Green Tea,6 x 250ml,$3.15,Save$0.45,Till 1st Jul 2025
Pokka Packet Drink - Peach Oolong Tea (Less Sugar),24 x 250ml (CTN),$12.40,Save$2.00,Till 1st Jan 2026
Pokka Packet Drink - Natsbee Honey Yuzu,24 x 250ml (CTN),$12.40,Save$2.13,Till 1st Jan 2026
Pokka Packet Drink - Natsbee Honey Lemon,24 x 250ml (CTN),$12.40,Save$2.13,Till 1st Jan 2026
Pokka Packet Drink Sencha Japanese Green Tea - No Sugar,24 x 250ml (CTN),$12.40,Save$2.00,Till 1st Jan 2026
Pokka Packet Drink Sencha Japanese Green Tea - No Sugar,6 x 250ml,$3.15,Save$0.45,Till 1st Jul 2025
Pokka Packet Drink - Peach Oolong Tea (Less Sugar),6 x 250ml,$3.15,Save$0.45,Till 1st Jul 2025
Pokka Packet Drink - Oolong Tea (No Sugar Added),24 x 250ml (CTN),$12.40,Save$2.00,Till 1st Jan 2026
Pokka Packet Drink - Natsbee Honey Lemon,6 x 250ml,$3.68,,
Pokka Can Drink - Peach Oolong Tea (Less Sugar),24 x 300ml (CTN),$13.60,Save$3.90,Till 1st Jan 2026
Pokka Packet Drink - Peach Tea,6 x 250ml,$3.15,Save$0.45,Till 1st Jul 2025
Pokka Packet Drink - Ice Lemon Tea,6 x 250ml,$3.15,Save$0.45,Till 1st Jul 2025
Pokka Premium Bottle Drink - Earl Grey Milk Tea,500ml,$1.50,Save$0.32,Till 1st Jul 2025
Pokka Bottle Drink - Peach Tea,1.5L,$2.10,Save$0.40,Till 1st Jul 2025
Pokka Premium Bottle Drink - Mocha Coffee,500ml,$1.50,Save$0.32,Till 1st Jul 2025
Pokka Premium Coffee Can Drink - Milk,6 x 240ml,$6.25,Save$1.31,Till 1st Jul 2025
Pokka Premium Bottle Drink - Milk Tea (Less Sugar),500ml,$1.50,Save$0.32,Till 1st Jul 2025
Pokka Premium Packet Drink - Milk Tea (Original),6 x 250ml,$3.55,Save$0.44,Till 1st Jul 2025
Pokka Premium Bottle Drink - Straight Red Tea,1.5L,$2.10,Save$0.40,Till 1st Jul 2025
Pokka Bottle Drink - Strawberry Tea,1.5L,$2.10,Save$0.40,Till 1st Jul 2025
Pokka Premium Packet Drink - Milk Tea (Original),24 x 250ml (CTN),$14.20,Save$1.54,Till 1st Jan 2026
Pokka Bottle Drink - Sparklin' Fuji Apple,1.45L,$1.95,Save$0.52,Till 1st Jul 2025
Popo Fish Muruku - Original,24 x 12g,$2.84,,
Pokka Premium Packet Drink -  Straight Red Tea,6 x 250ml,$3.15,Save$0.45,Till 1st Jul 2025
Pokka Packet Drink - Oolong Tea (No Sugar Added),6 x 250ml,$3.15,Save$0.45,Till 1st Jul 2025
Prego Pasta - Macaroni,500g,$2.30,,
Popo Flavoured Muruku - Spicy Chicken,24 x 12g,$2.84,,
Prego Pasta Sauce - Cheese and Herbs,300g,$2.70,,
Prego Pasta Sauce - Carbonara Mushroom,295g,$2.70,,
Prego Pasta Sauce - Carbonara Mushroom,350g,$4.00,Save$1.00,Ends in 5h
Prego Pasta Sauce - Carbonara Mushroom,665g,$6.20,Save$1.98,Till 26th Jun 2025
Prego Pasta Sauce - Mushroom,300g,$2.70,,
Prego Pasta Sauce - Tomato Mushroom,350g,$3.20,Save$0.40,Till 1st Jul 2025
Prego Pasta Sauce - Traditional Tomato,300g,$2.70,,
Pringles Potato Crisps - Original,42g,$2.00,,
Prego Quick Cook Pasta - Mac & Cheese,70g,$2.30,Save$0.29,Till 1st Jul 2025
Prego Pasta Sauce - Tomato Mushroom,680g,$6.20,Save$1.26,Till 26th Jun 2025
Pringles Potato Crisps - Sour Cream & Onion,12 x 42g,$24.00,,
Pringles Potato Crisps - Original,12 x 42g,$24.00,,
Prego Pasta Sauce - Traditional Tomato,350g,$3.20,Save$0.40,Till 1st Jul 2025
"Prego Pasta Sauce - Tomato, Basil & Garlic (Can)",300g,$2.70,,
Pringles Potato Crisps - Sour Cream & Onion,42g,$2.00,,
Prego Pasta Sauce - Traditional Tomato,680g,$6.20,Save$1.26,Till 26th Jun 2025
Pringles Potato Crisps - Saucy BBQ,134g,$3.80,,
Quaker 5 Prebiotic Multigrain Cereal,450g,$9.10,,
Pringles Potato Crisps - Cheesy Cheese,134g,$3.80,,
Pringles Potato Crisps - Original,134g,$3.50,,
Pringles Potato Crisps - Spicy Garlic Prawn,102g,$3.50,,
Quaker Oats - 3 in 1 Berry Burst Oat Cereal Drink,15 x 30g,$5.50,Save$0.56,Ends in 1 day 5 hours
Pringles Potato Crisps - Sour Cream & Onion,134g,$3.50,,
Quaker Oats - 3 in 1 Original Oat Cereal Drink,15 x 28g,$5.50,Save$0.56,Ends in 1 day 5 hours
Quaker Oats - 3 in 1 Vanilla Oat Cereal Drink,15 x 28g,$5.50,Save$0.56,Ends in 1 day 5 hours
Quaker Oats - Chia Multigrain Mixed Instant Oatmeal,420g,$7.39,,
Quaker Oats - 5 Black Multigrain Mixed Instant Oatmeal,518g,$9.10,,
Quaker Oats - All Natural Sesame Cereal Drink,190g,$9.10,,
Quaker Oats - Honeynut Oat Cookies,6 x 25g,$2.90,,
Quaker Oats - 5 Red Multigrain Mixed Instant Oatmeal,480g,$9.10,,
Quaker Oats - Chocolate Chips Oat Cookies,6 x 25g,$2.90,,
Quaker Oats Oatmeal - Instant (Refill Pack),400g,$3.41,,
Quaker Oats Oatmeal - Instant,1.35kg,$8.35,,
Quaker Oats Oatmeal - Instant (Value Pack),800g + free 100g,$5.50,Save$0.30,Till 1st Jul 2025
Quaker Oats Oatmeal - Quickcook (Refill Pack),400g,$3.41,,
Quaker Oats Oatmeal - Quickcook,1.35kg,$8.35,,
Quaker Oats Oatmeal - Quickcook (Value Pack),800g + free 100g,$5.50,Save$0.30,Till 1st Jul 2025
Rafferty's Garden Baby Food - Banana- Pear & Mango,120g,$3.48,,
Quaker Oats - Raisins Oat Cookies,6 x 25g,$2.90,,
Ritz Crackers Box - Original,300g,$2.70,,
Quaker Oats Oatmeal - Whole Rolled Oats,800g,$4.35,Save$1.71,Ends in 5h
"Rafferty's Garden Protein Baby Food Mashed - Brown Rice, Bean & Pumpkin",120g,$3.48,,
Red Tractor Foods Rolled Oats - Australian Creamy Style,1kg,$5.70,,
Red Tractor Foods Rolled Oats - Organic Creamy Style,1kg,$9.80,,
Red Tractor Foods Instant Oats - Australian Creamy Style,1kg,$5.70,,
Renmano Chairman's White Wine - Chardonnay,750ml,$21.90,Save$11.09,Till 1st Aug 2025
Renmano Chairman's Red Wine - Carbernet Sauvignon,750ml,$21.90,Save $11.09,Till 1st Aug 2025
Ritz Toasted Chips - Cheddar,229g,$5.90,,
Ritz Sandwich Biscuits Multipack - Lemon Cream,243g,$3.45,,
Ritz Toasted Chips - Original,229g,$5.90,,
Ritz Sandwich Biscuits Multipack - Cheese Cream,243g,$3.45,,
Ruffles Potato Chips - Original,50 x 28.3g (CTN),$37.50,Save$8.42,Till 1st Jul 2025
Ruffles Potato Chips - Cheddar & Sour Cream,50g,$1.92,,
Ruffles Potato Chips - Cheddar & Sour Cream,170g,$5.35,,
Ritz Toasted Chips - Sour Cream & Onion,229g,$5.90,,
Ruffles Potato Chips - Chicken,184.2g,$5.35,,
Ruffles Potato Chips - Original,170g,$5.35,,
Samyang Chili Sauce - Hot Chicken Flavor Sauce,200g,$4.20,Save$2.30,Till 1st Oct 2025
Ruffles Potato Chips - Sour Cream & Onion,170g,$5.35,,
Samyang Buldak Hot Chicken Ramen - Cream Carbonara,120g,$3.03,,
Starbucks Nespresso Premium Coffee Capsules - Smooth Caramel,51g,$8.95,,
Samyang Hot Chicken Instant Ramen - Cheese,5 x 140g,$7.30,Save$1.68,Ends in 1 day 5 hours
Samyang Hot Chicken Instant Ramen - Cup,70g,$2.32,,
Starbucks Nespresso Coffee Capsules - Creamy Vanilla,51g,$8.95,,
Samyang Kimchi Noodles,5 x 120g,$6.06,,
Samyang Hot Chicken Instant Ramen,5 x 140g,$6.70,Save$1.57,Ends in 1 day 5 hours
Samyang Hot Chicken Instant Ramen - Rose (Bowl),105g,$3.03,,
Samyang Hot Chicken Instant Ramen - Cream Carbonara,140g,$7.30,Save$1.68,Ends in 1 day 5 hours
Samyang Hot Chicken Instant Ramen - Cheese (Bowl),105g,$3.03,,
Samyang Hot Chicken Instant Ramen - Stew Type,5 x 145g,$7.30,Save$1.68,Ends in 1 day 5 hours
Sanwa Oat Nutrition Choco,410g,$4.59,,
Sapporo Premium Can Beer,6 x 500ml,$23.90,Save$5.03,Till 1st Jul 2025
Samyang Hot Chicken Ramen - Habanero Lime,5 x 135g,$7.30,Save$1.68,Ends in 1 day 5 hours
Scotch Brite Easy Clean Scrub Sponge - Non-Scratch,2 per pack,$3.23,,
3M Scotch-Brite Scrub Sponge - All Purpose Cleaning Pad,1 per pack,$2.73,,
Sanwa Soda Crackers - Saltine,480g,$5.05,,
Samyang Korean Instant Noodle - Potato,5 x 120g,$6.70,Save$1.57,Ends in 1 day 5 hours
Sau Tao Amoy Flour Vermicelli,300g,$2.25,,
3M Scotch-Brite Starter Kit - Easy Sweeper Plus,1 per pack,$28.67,,
3M Scotch-Brite Mop Refill - Latex,1 per pack,$10.09,,
Sapporo Premium Can Beer,6 x 330ml,$17.95,Save$4.00,Till 1st Jul 2025
3M Scotch-Brite Scour Pads - Stainless Steel,3 per pack,$5.50,,
Skittles Candies - Original (Fun Size Bag),10 x 15g,$5.14,,
3M Scotch-Brite Disposable Wet Paper Wiper Refills,1 per pack,$5.91,,
Snickers Chocolate Bar - Minis,8 x 10g,$3.95,,
3M Scotch-Brite Scrub Sponges - Non-Scratch (Blue),3 per pack,$6.16,,
Snow Can Beer,6 x 320ml,$11.30,Save$0.40,Till 1st Jul 2025
Snickers Almond Dark Chocolate Bar - Less Sugar,40g,$2.70,,
Snickers Chocolate Bar - Peanut,153g,$5.80,,
Snickers Chocolate Bar - Funsize,12 x 20g,$5.50,Save$2.30,Ends in 1 day 5 hours
Starbucks Nespresso Capsule - Sunny Day Blend,10 per pack,$8.40,,
Starbucks Instant Premium Mixes - Caffe Latte,4 per pack,$5.50,,
Starbucks Instant Premium Mixes - Caffe Mocha,4 per pack,$5.50,,
Starbucks Coffee Capsules - Cappuccino,12 per pack,$9.45,,
Starbucks Instant Premium Mixes - Caramel Latte,4 per pack,$5.50,,
Starbucks Instant Premium Mixes - Cappuccino,4 per pack,$5.50,,
Starbucks Nespresso Coffee Capsules - Italian Roast,56g,$8.40,,
Starbucks Nespresso Coffee Capsules - Verona,55g,$8.40,,
Starbucks Nespresso Decaffeinated Coffee Capsules - Espresso Roast,57g,$8.40,,
Starbucks Nespresso Coffee Capsules - Breakfast Blend,56g,$8.40,,
Starbucks Premium Mixes - Matcha Latte,4 per pack,$5.50,,
Starbucks Premium Instant Coffee - Dark Roast,90g,$11.95,,
Starbucks Premium Instant Coffee - Medium Roast,90g,$11.95,,
Twisties Corn Snack - Kaboom! BBQ Curry,8 x 13g,$2.90,,
Starbucks Roasted Whole Coffee Bean - Espresso (Dark),200g,$13.60,,
Twisties Corn Snack - Cheeky Cheddar Cheese,8 x 13g,$2.90,,
Yakult Cultured Milk Bottle Drink - Ace Light(FamilyPack),10 per pack,$8.48,,
Yakult Cultured Milk Bottle Drink - Assorted Flavours,5 x 100ml,$3.53,,
Starbucks Roasted Whole Coffee Bean - Pike Place (Medium),200g,$13.60,,
Yakult Cultured Milk Bottle Drink - Ace Light,5 x 80ml,$4.34,,
Yakult Cultured Milk Bottle Drink - Assorted Flavours (Twin Pack),10 x 100ml,$6.91,,
Yakult Cultured Milk Bottle Drink - Original (Twin Pack),10 x 100ml,$6.91,,
Yakult Cultured Milk - Apple,5 per pack,$3.53,,
Tong Hai Shao Hsing Cooking Hua Tiao Chiew,640ml,$3.66,,
Suntory Vitamin C.C Lemon Drink,4 x 320ml,$4.95,,
Yakult Cultured Milk Drink - Gold,10 x 100ml,$7.34,,
Twisties Chipster Potato Chips - Hot & Spicy,160g,$3.00,,
Yakult Cultured Milk Drink - Gold,500ml,$3.74,,
YueJian ShaoXing Hua Tiao Cooking Wine,640ml,$3.90,,
Teo Mei Trading Claypot Noodles,380g,$2.34,,
Walkers Shortbread Cookies,150g,$5.30,,
Wescobee Premium Pure Australian Honey,375g,$6.95,Save$1.80,Till 1st Jul 2025
TNCC Fruity Gummies - Sour Squirms,220g,$5.70,,
Yakult Cultured Milk Bottle Drink - Orange,5 x 100ml,$3.53,,
Train Brand Haw Jelly,300g,$2.25,,
UCC The Blend Instant Coffee Powder - 117,90g,$9.90,,
Twisties Chipster Potato Chips - Sour Cream & Onion,160g,$3.00,,
Yifon Roasted Organic Chestnuts,100g,$1.68,,
Wescobee Premium Pure Australian Honey,1kg,$13.95,Save$4.90,Till 1st Jul 2025
Wong Lokat Herbal Jelly Drink,258g,$1.83,,
